diputado_bloque,diputado_apellido,diputado_nombres,diputado_distrito,periodo
BLOQUE FRENTE DE TODOS,AGUIRRE, Hilda Clelia,LA RIOJA,2019-2023
BLOQUE FRENTE DE TODOS,ALDERETE, Juan Carlos,BUENOS AIRES,2019-2023
BLOQUE FRENTE DE TODOS,ALIANIELLO, Eugenia,CHUBUT,2021-2025
BLOQUE FRENTE DE TODOS,ALLENDE, Walberto,SAN JUAN,2021-2025
BLOQUE FRENTE DE TODOS,ALONSO, Constanza María ,BUENOS AIRES,2021-2025
BLOQUE FRENTE DE TODOS,APARICIO, Alicia N.,BUENOS AIRES,2019-2023
BLOQUE FRENTE DE TODOS,ARRICAU, Carolina Natalia,BUENOS AIRES,2019-2023
BLOQUE FRENTE DE TODOS,ARROYO, Daniel ,BUENOS AIRES,2021-2025
BLOQUE FRENTE DE TODOS,AUBONE, Ana Fabiola,SAN JUAN,2021-2025
BLOQUE FRENTE DE TODOS,BARBARO," Héctor ""Cacho""",MISIONES,2019-2023
BLOQUE FRENTE DE TODOS,BERMEJO, Adolfo,MENDOZA,2021-2025
BLOQUE FRENTE DE TODOS,BERTOLDI, Tanya,NEUQUÉN,2021-2025
BLOQUE FRENTE DE TODOS,BERTONE, Rosana Andrea,TIERRA DEL FUEGO,2019-2023
BLOQUE FRENTE DE TODOS,BORDA, Fabian Antonio ,CORRIENTES,2019-2023
BLOQUE FRENTE DE TODOS,BORMIOLI, Lisandro,BUENOS AIRES,2019-2023
BLOQUE FRENTE DE TODOS,BRAWER, Mara,CIUDAD AUTÓNOMA DE BUENOS AIRES,2019-2023
BLOQUE FRENTE DE TODOS,BRITEZ, María Cristina,MISIONES,2019-2023
BLOQUE FRENTE DE TODOS,BRUE, Daniel Agustín,SANTIAGO DEL ESTERO,2019-2023
BLOQUE FRENTE DE TODOS,CALIVA, Lía Verónica,SALTA,2019-2023
BLOQUE FRENTE DE TODOS,CALLETTI, Pamela,SALTA,2021-2025
BLOQUE FRENTE DE TODOS,CANTERO, Carlos ,JUJUY,2019-2023
BLOQUE FRENTE DE TODOS,CAPARROS, Mabel Luisa,TIERRA DEL FUEGO,2019-2023
BLOQUE FRENTE DE TODOS,CARNAGHI, Guillermo Oscar,NEUQUÉN,2019-2023
BLOQUE FRENTE DE TODOS,CARRIZO, Nilda Mabel,TUCUMÁN,2019-2023
BLOQUE FRENTE DE TODOS,CARRO, José  ,CÓRDOBA,2021-2025
BLOQUE FRENTE DE TODOS,CASARETTO, Marcelo Pablo,ENTRE RÍOS,2019-2023
BLOQUE FRENTE DE TODOS,CASAS, Sergio Guillermo,LA RIOJA,2019-2023
BLOQUE FRENTE DE TODOS,CASELLES, Graciela María,SAN JUAN,2019-2023
BLOQUE FRENTE DE TODOS,CHAHER, Leila ,JUJUY,2021-2025
BLOQUE FRENTE DE TODOS,CHAHLA, Rossana ,TUCUMÁN,2021-2025
BLOQUE FRENTE DE TODOS,CHOMIAK, María Luisa,CHACO,2021-2025
BLOQUE FRENTE DE TODOS,CISNEROS, Carlos Anibal,TUCUMÁN,2019-2023
BLOQUE FRENTE DE TODOS,CLERI, Marcos,SANTA FE,2019-2023
BLOQUE FRENTE DE TODOS,COSTA, Anahí,CATAMARCA,2019-2023
BLOQUE FRENTE DE TODOS,DAIVES, Ricardo Daniel,SANTIAGO DEL ESTERO,2019-2023
BLOQUE FRENTE DE TODOS,DALDOVO, Nelly Ramona,FORMOSA,2019-2023
BLOQUE FRENTE DE TODOS,DANTAS, Pedro Cristian ,RÍO NEGRO,2019-2023
BLOQUE FRENTE DE TODOS,ESTEVEZ, Gabriela Beatriz,CÓRDOBA,2019-2023
BLOQUE FRENTE DE TODOS,ESTRADA, Emiliano ,SALTA,2021-2025
BLOQUE FRENTE DE TODOS,FAGIOLI, Federico,BUENOS AIRES,2019-2023
BLOQUE FRENTE DE TODOS,FERNANDEZ PATRI, Ramiro,FORMOSA,2021-2025
BLOQUE FRENTE DE TODOS,FERNÁNDEZ, Agustín,TUCUMÁN,2021-2025
BLOQUE FRENTE DE TODOS,FERNÁNDEZ, Eduardo,CÓRDOBA,2019-2023
BLOQUE FRENTE DE TODOS,GAILLARD, Ana Carolina,ENTRE RÍOS,2021-2025
BLOQUE FRENTE DE TODOS,GINOCCHIO, Silvana Micaela,CATAMARCA,2021-2025
BLOQUE FRENTE DE TODOS,GIOJA, José Luis,SAN JUAN,2019-2023
BLOQUE FRENTE DE TODOS,GODOY, Lucas Javier,SALTA,2019-2023
BLOQUE FRENTE DE TODOS,GOLLAN, Daniel ,BUENOS AIRES,2021-2025
BLOQUE FRENTE DE TODOS,GONZÁLEZ, Gustavo                    ,SANTA CRUZ,2021-2025
BLOQUE FRENTE DE TODOS,GROSSO, Leonardo,BUENOS AIRES,2019-2023
BLOQUE FRENTE DE TODOS,GUTIÉRREZ, Ramiro,BUENOS AIRES,2019-2023
BLOQUE FRENTE DE TODOS,HAGMAN, Itai,CIUDAD AUTÓNOMA DE BUENOS AIRES,2019-2023
BLOQUE FRENTE DE TODOS,HELLER, Carlos ,CIUDAD AUTÓNOMA DE BUENOS AIRES,2021-2025
BLOQUE FRENTE DE TODOS,HERNANDEZ, Estela ,CHUBUT,2019-2023
BLOQUE FRENTE DE TODOS,HERRERA, Bernardo José,SANTIAGO DEL ESTERO,2021-2025
BLOQUE FRENTE DE TODOS,HERRERA, Ricardo,LA RIOJA,2021-2025
BLOQUE FRENTE DE TODOS,IGON, Santiago Nicolás,CHUBUT,2019-2023
BLOQUE FRENTE DE TODOS,IPARRAGUIRRE, Rogelio,BUENOS AIRES,2021-2025
BLOQUE FRENTE DE TODOS,KIRCHNER, Máximo Carlos,BUENOS AIRES,2019-2023
BLOQUE FRENTE DE TODOS,LAMPREABE, Florencia,BUENOS AIRES,2019-2023
BLOQUE FRENTE DE TODOS,LANDRISCINI, Susana Graciela,RÍO NEGRO,2019-2023
BLOQUE FRENTE DE TODOS,LEDESMA, Tomás,ENTRE RÍOS,2021-2025
BLOQUE FRENTE DE TODOS,LEITO, Mario,TUCUMÁN,2019-2023
BLOQUE FRENTE DE TODOS,LEIVA, Aldo Adolfo,CHACO,2019-2023
BLOQUE FRENTE DE TODOS,LITZA, Mónica ,BUENOS AIRES,2021-2025
BLOQUE FRENTE DE TODOS,LÓPEZ RODRÍGUEZ, Dante  ,CATAMARCA,2021-2025
BLOQUE FRENTE DE TODOS,MACHA, Mónica,BUENOS AIRES,2021-2025
BLOQUE FRENTE DE TODOS,MARÍN, Varinia Lis,LA PAMPA,2021-2025
BLOQUE FRENTE DE TODOS,MARINO, Juan,BUENOS AIRES,2019-2023
BLOQUE FRENTE DE TODOS,MARTÍNEZ, Germán Pedro,SANTA FE,2019-2023
BLOQUE FRENTE DE TODOS,MARTÍNEZ, María Rosa,BUENOS AIRES,2019-2023
BLOQUE FRENTE DE TODOS,MARZIOTTA, Gisela,CIUDAD AUTÓNOMA DE BUENOS AIRES,2021-2025
BLOQUE FRENTE DE TODOS,MASIN, María Lucila,CHACO,2019-2023
BLOQUE FRENTE DE TODOS,MASSETANI, Vanesa Laura,SANTA FE,2019-2023
BLOQUE FRENTE DE TODOS,MASTALER, Magali,SANTA FE,2021-2025
BLOQUE FRENTE DE TODOS,MIRABELLA, Roberto,SANTA FE,2021-2025
BLOQUE FRENTE DE TODOS,MOISÉS, María Carolina,JUJUY,2019-2023
BLOQUE FRENTE DE TODOS,MONTOTO, María Luisa ,SANTIAGO DEL ESTERO,2021-2025
BLOQUE FRENTE DE TODOS,MORAN, Micaela,BUENOS AIRES,2021-2025
BLOQUE FRENTE DE TODOS,MOREAU, Cecilia,BUENOS AIRES,2019-2023
BLOQUE FRENTE DE TODOS,MOREAU, Leopoldo ,BUENOS AIRES,2021-2025
BLOQUE FRENTE DE TODOS,MOYANO, NILDA,SANTIAGO DEL ESTERO,2021-2025
BLOQUE FRENTE DE TODOS,NAVARRO, Graciela,SANTIAGO DEL ESTERO,2019-2023
BLOQUE FRENTE DE TODOS,NEDER, Estela Mary,SANTIAGO DEL ESTERO,2019-2023
BLOQUE FRENTE DE TODOS,OBEID, Alejandra del Huerto,SANTA FE,2019-2023
BLOQUE FRENTE DE TODOS,ORMACHEA, Claudia Beatriz,BUENOS AIRES,2019-2023
BLOQUE FRENTE DE TODOS,OSUNA, Blanca Inés,ENTRE RÍOS,2019-2023
BLOQUE FRENTE DE TODOS,PALAZZO, Sergio Omar,BUENOS AIRES,2021-2025
BLOQUE FRENTE DE TODOS,PAPONET, Liliana,MENDOZA,2021-2025
BLOQUE FRENTE DE TODOS,PAROLA, María Graciela,FORMOSA,2019-2023
BLOQUE FRENTE DE TODOS,PASSO, Marcela Fabiana,BUENOS AIRES,2021-2025
BLOQUE FRENTE DE TODOS,PEDRALI, Gabriela,LA RIOJA,2021-2025
BLOQUE FRENTE DE TODOS,PEDRINI, Juan Manuel,CHACO,2021-2025
BLOQUE FRENTE DE TODOS,PENACCA, Paula Andrea,CIUDAD AUTÓNOMA DE BUENOS AIRES,2019-2023 
BLOQUE FRENTE DE TODOS,PEREYRA, Julio,BUENOS AIRES,2021-2025
BLOQUE FRENTE DE TODOS,PEREZ ARAUJO, Hernan,LA PAMPA,2019-2023
BLOQUE FRENTE DE TODOS,PÉREZ PLAZA, Eber Albano,MENDOZA,2019-2023
BLOQUE FRENTE DE TODOS,PONCE, Carlos Ybrhain,SAN LUIS,2019-2023
BLOQUE FRENTE DE TODOS,PROPATO, Agustina Lucrecia,BUENOS AIRES,2021-2025
BLOQUE FRENTE DE TODOS,ROMERO, Jorge Antonio ,CORRIENTES,2021-2025
BLOQUE FRENTE DE TODOS,SAND, Nancy,CORRIENTES,2019-2023
BLOQUE FRENTE DE TODOS,SANTORO, Leandro ,CIUDAD AUTÓNOMA DE BUENOS AIRES,2021-2025
BLOQUE FRENTE DE TODOS,SELVA, Carlos Américo,BUENOS AIRES,2019-2023
BLOQUE FRENTE DE TODOS,SILEY, Vanesa Raquel ,BUENOS AIRES,2021-2025
BLOQUE FRENTE DE TODOS,SOUTO, Natalia Marcela,BUENOS AIRES,2019-2023
BLOQUE FRENTE DE TODOS,TAILHADE, Rodolfo,BUENOS AIRES,2019-2023
BLOQUE FRENTE DE TODOS,TONIOLLI, Eduardo ,SANTA FE,2021-2025
BLOQUE FRENTE DE TODOS,UCEDA, Marisa Lourdes,MENDOZA,2019-2023
BLOQUE FRENTE DE TODOS,VALDES, Eduardo Félix,CIUDAD AUTÓNOMA DE BUENOS AIRES,2019-2023
BLOQUE FRENTE DE TODOS,VARGAS MATYI, Brenda,BUENOS AIRES,2021-2025
BLOQUE FRENTE DE TODOS,VERÓN, Jorge Guillermo,SANTA CRUZ,2019-2023
BLOQUE FRENTE DE TODOS,VESSVESSIAN, Paola,SANTA CRUZ,2019-2023
BLOQUE FRENTE DE TODOS,YAMBRÚN, Liliana Patricia,BUENOS AIRES,2019-2023
BLOQUE FRENTE DE TODOS,YAPOR, Lucio,BUENOS AIRES,2019-2023
BLOQUE FRENTE DE TODOS,YASKY, Hugo ,BUENOS AIRES,2021-2025
BLOQUE FRENTE DE TODOS,YUTROVIC, Carolina,TIERRA DEL FUEGO,2021-2025
BLOQUE FRENTE DE TODOS,ZABALA CHACUR, Natalia,SAN LUIS,2021-2025
BLOQUE FRENTE DE TODOS,ZARACHO, Natalia ,BUENOS AIRES,2019-2023
BLOQUE FRENTE PRO,AGOST CARREÑO, Oscar ,CÓRDOBA,2021-2025
BLOQUE FRENTE PRO,AJMECHET, Sabrina,CIUDAD AUTÓNOMA DE BUENOS AIRES,2021-2025
BLOQUE FRENTE PRO,ANGELINI, Federico,SANTA FE,2019-2023
BLOQUE FRENTE PRO,ASSEFF, Alberto,BUENOS AIRES,2019-2023
BLOQUE FRENTE PRO,BACHEY, Karina Ethel,SAN LUIS,2021-2025
BLOQUE FRENTE PRO,BALDASSI, Héctor W.,CÓRDOBA,2021-2025
BLOQUE FRENTE PRO,BESANA, Gabriela ,BUENOS AIRES,2021-2025
BLOQUE FRENTE PRO,BRAMBILLA, Sofia,CORRIENTES,2021-2025
BLOQUE FRENTE PRO,CHUMPITAZ, Gabriel Felipe,SANTA FE,2021-2025
BLOQUE FRENTE PRO,CORNEJO, Virginia,SALTA,2019-2023
BLOQUE FRENTE PRO,CRESCIMBENI, Camila,BUENOS AIRES,2019-2023
BLOQUE FRENTE PRO,DE MARCHI, Omar,MENDOZA,2019-2023
BLOQUE FRENTE PRO,EL SUKARIA, Soher,CÓRDOBA,2019-2023
BLOQUE FRENTE PRO,FIGUEROA CASAS, Germana,SANTA FE,2021-2025
BLOQUE FRENTE PRO,FINOCCHIARO, Alejandro ,BUENOS AIRES,2021-2025
BLOQUE FRENTE PRO,FRIGERIO, Federico ,TIERRA DEL FUEGO,2019-2023
BLOQUE FRENTE PRO,GONZÁLEZ, Álvaro Gustavo,CIUDAD AUTÓNOMA DE BUENOS AIRES,2019-2023
BLOQUE FRENTE PRO,HEIN, Gustavo René,ENTRE RÍOS,2019-2023
BLOQUE FRENTE PRO,IGLESIAS, Fernando Adolfo,CIUDAD AUTÓNOMA DE BUENOS AIRES,2021-2025
BLOQUE FRENTE PRO,JETTER, Ingrid,CORRIENTES,2019-2023
BLOQUE FRENTE PRO,JOURY, María de las Mercedes,BUENOS AIRES,2019-2023
BLOQUE FRENTE PRO,KLIPAUKA LEWTAK, Florencia,MISIONES,2021-2025
BLOQUE FRENTE PRO,LASPINA, Luciano Andrés,SANTA FE,2021-2025
BLOQUE FRENTE PRO,LOMBARDI, Hernán,BUENOS AIRES,2021-2025
BLOQUE FRENTE PRO,LOSPENNATO, Silvia Gabriela,BUENOS AIRES,2019-2023
BLOQUE FRENTE PRO,MAQUIEYRA, Martín,LA PAMPA,2021-2025
BLOQUE FRENTE PRO,MARTÍNEZ, Álvaro,MENDOZA,2021-2025
BLOQUE FRENTE PRO,MILMAN, Gerardo,BUENOS AIRES,2021-2025
BLOQUE FRENTE PRO,MORALES GORLERI, Victoria,CIUDAD AUTÓNOMA DE BUENOS AIRES,2019-2023
BLOQUE FRENTE PRO,NUÑEZ, José Carlos,SANTA FE,2019-2023
BLOQUE FRENTE PRO,OCAÑA, Graciela,BUENOS AIRES,2021-2025
BLOQUE FRENTE PRO,QUIROZ, Marilú,CHACO,2021-2025
BLOQUE FRENTE PRO,REY, María Luján,BUENOS AIRES,2019-2023
BLOQUE FRENTE PRO,REZINOVSKY, Dina,CIUDAD AUTÓNOMA DE BUENOS AIRES,2019-2023
BLOQUE FRENTE PRO,RITONDO, Cristian Adrián,BUENOS AIRES,2019-2023
BLOQUE FRENTE PRO,RODRÍGUEZ MACHADO, Laura,CÓRDOBA,2021-2025
BLOQUE FRENTE PRO,ROMERO, Ana Clara,CHUBUT,2021-2025
BLOQUE FRENTE PRO,RUARTE, Adriana Noemi,CÓRDOBA,2019-2023
BLOQUE FRENTE PRO,SÁNCHEZ, Francisco,NEUQUÉN,2019-2023
BLOQUE FRENTE PRO,SANTILLI, Diego ,BUENOS AIRES,2021-2025
BLOQUE FRENTE PRO,SCHIAVONI, Alfredo Oscar,MISIONES,2019-2023
BLOQUE FRENTE PRO,SOTOLANO, María ,BUENOS AIRES,2021-2025
BLOQUE FRENTE PRO,STEFANI, Héctor Antonio,TIERRA DEL FUEGO,2021-2025
BLOQUE FRENTE PRO,TACCETTA, Matias,CHUBUT,2019-2023
BLOQUE FRENTE PRO,TONELLI, Pablo Gabriel,CIUDAD AUTÓNOMA DE BUENOS AIRES,2019-2023
BLOQUE FRENTE PRO,TORELLO, Pablo,BUENOS AIRES,2019-2023
BLOQUE FRENTE PRO,TORTORIELLO, Aníbal,RÍO NEGRO,2021-2025
BLOQUE FRENTE PRO,VIDAL, María Eugenia,CIUDAD AUTÓNOMA DE BUENOS AIRES,2021-2025
BLOQUE U.C.R.,AGUIRRE, Manuel Ignacio,CORRIENTES,2021-2025
BLOQUE U.C.R.,ARJOL, Martín ,MISIONES,2021-2025
BLOQUE U.C.R.,ASCARATE, Lidia Inés,TUCUMÁN,2019-2023
BLOQUE U.C.R.,BANFI, Karina ,BUENOS AIRES,2019-2023
BLOQUE U.C.R.,BARLETTA, Mario,SANTA FE,2021-2025
BLOQUE U.C.R.,BAZZE, Miguel Ángel ,BUENOS AIRES,2019-2023
BLOQUE U.C.R.,BENEDETTI, Atilio,ENTRE RÍOS,2021-2025
BLOQUE U.C.R.,BURYAILE, Ricardo,FORMOSA,2019-2023
BLOQUE U.C.R.,CARASSO, Marcos Gustavo,CÓRDOBA,2019-2023
BLOQUE U.C.R.,CARBAJAL, Fernando,FORMOSA,2021-2025
BLOQUE U.C.R.,CARRIZO, Soledad,CÓRDOBA,2021-2025
BLOQUE U.C.R.,CIPOLINI, Gerardo,CHACO,2019-2023
BLOQUE U.C.R.,COBOS, Julio ,MENDOZA,2021-2025
BLOQUE U.C.R.,COLI, Marcela,LA PAMPA,2021-2025
BLOQUE U.C.R.,GALIMBERTI, Pedro Jorge,ENTRE RÍOS,2021-2025
BLOQUE U.C.R.,GARCÍA, Ximena,SANTA FE,2019-2023
BLOQUE U.C.R.,LATORRE, Jimena,MENDOZA,2019-2023
BLOQUE U.C.R.,LENA, Gabriela,ENTRE RÍOS,2019-2023
BLOQUE U.C.R.,MANES, Facundo ,BUENOS AIRES,2021-2025
BLOQUE U.C.R.,MARTÍN, Juan,SANTA FE,2019-2023
BLOQUE U.C.R.,MONTI, Francisco,CATAMARCA,2021-2025
BLOQUE U.C.R.,NANNI, Miguel,SALTA,2019-2023
BLOQUE U.C.R.,NEGRI, Mario Raúl,CÓRDOBA,2019-2023
BLOQUE U.C.R.,NIERI, Lisandro,MENDOZA,2019-2023
BLOQUE U.C.R.,POLINI, Juan Carlos,CHACO,2021-2025
BLOQUE U.C.R.,QUETGLAS, Fabio José,BUENOS AIRES,2021-2025
BLOQUE U.C.R.,REYES, Roxana,SANTA CRUZ,2021-2025
BLOQUE U.C.R.,RIZZOTTI," Jorge ""Colo""",JUJUY,2019-2023
BLOQUE U.C.R.,ROMERO, Victor Hugo,CÓRDOBA,2019-2023
BLOQUE U.C.R.,SALVADOR, Sebastián Nicolás,BUENOS AIRES,2019-2023
BLOQUE U.C.R.,SÁNCHEZ, Roberto Antonio,TUCUMÁN,2021-2025
BLOQUE U.C.R.,SARAPURA, Natalia Silvina,JUJUY,2021-2025
BLOQUE U.C.R.,VARA, Jorge,CORRIENTES,2019-2023
BLOQUE U.C.R.,VERASAY, Pamela Fernanda,MENDOZA,2021-2025
BLOQUE EVOLUCIÓN RADICAL,ÁNTOLA, Marcela,ENTRE RÍOS,2021-2025
BLOQUE EVOLUCIÓN RADICAL,BERHONGARAY, Martín Antonio,LA PAMPA,2019-2023
BLOQUE EVOLUCIÓN RADICAL,BROUWER DE KONING, Gabriela,CÓRDOBA,2021-2025
BLOQUE EVOLUCIÓN RADICAL,CACACE, Alejandro,SAN LUIS,2019-2023
BLOQUE EVOLUCIÓN RADICAL,CARRIZO, Ana Carla,CIUDAD AUTÓNOMA DE BUENOS AIRES,2021-2025
BLOQUE EVOLUCIÓN RADICAL,CERVI, Pablo,NEUQUÉN,2021-2025
BLOQUE EVOLUCIÓN RADICAL,DE LOREDO, Rodrigo ,CÓRDOBA,2021-2025
BLOQUE EVOLUCIÓN RADICAL,MARTÍNEZ, Dolores,CIUDAD AUTÓNOMA DE BUENOS AIRES,2019-2023
BLOQUE EVOLUCIÓN RADICAL,TAVELA, Danya ,BUENOS AIRES,2021-2025
BLOQUE EVOLUCIÓN RADICAL,TEJEDA, María Victoria,SANTA FE,2021-2025
BLOQUE EVOLUCIÓN RADICAL,TETAZ, Martín Alberto,CIUDAD AUTÓNOMA DE BUENOS AIRES,2021-2025
BLOQUE EVOLUCIÓN RADICAL,YACOBITTI, Emiliano Benjamín,CIUDAD AUTÓNOMA DE BUENOS AIRES,2019-2023
BLOQUE COALICIÓN CÍVICA,BORREGO, Victoria,BUENOS AIRES,2021-2025
BLOQUE COALICIÓN CÍVICA,CAMPAGNOLI, Marcela,BUENOS AIRES,2021-2025
BLOQUE COALICIÓN CÍVICA,ESPIL, Santiago Eugenio,BUENOS AIRES,2019-2023
BLOQUE COALICIÓN CÍVICA,FERRARO, Maximiliano,CIUDAD AUTÓNOMA DE BUENOS AIRES,2019-2023
BLOQUE COALICIÓN CÍVICA,FRADE, Mónica Edith,BUENOS AIRES,2019-2023
BLOQUE COALICIÓN CÍVICA,LÓPEZ, Juan Manuel,BUENOS AIRES,2021-2025
BLOQUE COALICIÓN CÍVICA,MANZI, Rubén,CATAMARCA,2019-2023
BLOQUE COALICIÓN CÍVICA,MARTÍNEZ VILLADA, Leonor María,CÓRDOBA,2019-2023
BLOQUE COALICIÓN CÍVICA,OLIVETO LAGO, Paula,CIUDAD AUTÓNOMA DE BUENOS AIRES,2021-2025
BLOQUE COALICIÓN CÍVICA,STILMAN, Mariana,BUENOS AIRES,2019-2023
BLOQUE COALICIÓN CÍVICA,ZUVIC, Mariana,CIUDAD AUTÓNOMA DE BUENOS AIRES,2019-2023
BLOQUE ENCUENTRO FEDERAL,AMAYA, Domingo Luis,TUCUMÁN,2019-2023
BLOQUE ENCUENTRO FEDERAL,GARCÍA de LUCA, Sebastián,BUENOS AIRES,2019-2023
BLOQUE ENCUENTRO FEDERAL,MONZÓ, Emilio,BUENOS AIRES,2021-2025
BLOQUE ENCUENTRO FEDERAL,STOLBIZER, Margarita ,BUENOS AIRES,2021-2025
BLOQUE CÓRDOBA FEDERAL,DE LA SOTA, Natalia,CÓRDOBA,2021-2025
BLOQUE CÓRDOBA FEDERAL,GARCÍA ARESCA, Ignacio,CÓRDOBA,2021-2025
BLOQUE CÓRDOBA FEDERAL,GUTIÉRREZ, Carlos Mario,CÓRDOBA,2019-2023
BLOQUE IDENTIDAD BONAERENSE,CAMAÑO, Graciela,BUENOS AIRES,2019-2023
BLOQUE IDENTIDAD BONAERENSE,RANDAZZO, Florencio,BUENOS AIRES,2021-2025
BLOQUE IDENTIDAD BONAERENSE,RODRIGUEZ," Alejandro ""Topo""",BUENOS AIRES,2019-2023
BLOQUE PTS - FRENTE DE IZQUIERDA Y DE TRABAJADORES-UNIDAD,BREGMAN, Myriam,CIUDAD AUTÓNOMA DE BUENOS AIRES,2021-2025
BLOQUE PTS - FRENTE DE IZQUIERDA Y DE TRABAJADORES-UNIDAD,DEL CAÑO, Nicolás,BUENOS AIRES,2021-2025
BLOQUE PTS - FRENTE DE IZQUIERDA Y DE TRABAJADORES-UNIDAD,VILCA, Alejandro ,JUJUY,2021-2025
BLOQUE  FRENTE DE LA CONCORDIA MISIONERO,FERNÁNDEZ, Carlos Alberto ,MISIONES,2021-2025
BLOQUE  FRENTE DE LA CONCORDIA MISIONERO,SARTORI, Diego Horacio,MISIONES,2019-2023
BLOQUE JUNTOS SOMOS RÍO NEGRO,DI GIACOMO, Luis,RÍO NEGRO,2019-2023
BLOQUE JUNTOS SOMOS RÍO NEGRO,DOMINGO, Agustín,RÍO NEGRO,2021-2025
BLOQUE LA LIBERTAD AVANZA,MILEI, Javier Gerardo,CIUDAD AUTÓNOMA DE BUENOS AIRES,2021-2025
BLOQUE LA LIBERTAD AVANZA,VILLARRUEL, Victoria ,CIUDAD AUTÓNOMA DE BUENOS AIRES,2021-2025
BLOQUE PRODUCCIÓN Y TRABAJO ,LACIAR, Susana Alicia,SAN JUAN,2021-2025
BLOQUE PRODUCCIÓN Y TRABAJO ,ORREGO, Humberto Marcelo,SAN JUAN,2019-2023
BLOQUE SER - SOMOS ENERGIA PARA RENOVAR,ÁLVAREZ, Felipe,LA RIOJA,2019-2023
BLOQUE SER - SOMOS ENERGIA PARA RENOVAR,VIDAL, Claudio Orlando,SANTA CRUZ,2021-2025
BLOQUE SOCIALISTA,ESTEVEZ, Enrique,SANTA FE,2019-2023
BLOQUE SOCIALISTA,FEIN, Mónica,SANTA FE,2021-2025
BLOQUE AHORA PATRIA,ZAPATA, Carlos Raúl ,SALTA,2021-2025
BLOQUE AVANZA LIBERTAD,ESPERT, José Luis,BUENOS AIRES,2021-2025
BLOQUE AVANZAR SAN LUIS,POGGI, Claudio Javier,SAN LUIS,2021-2025
BLOQUE BUENOS AIRES LIBRE,PIPARO, Carolina ,BUENOS AIRES,2021-2025
BLOQUE CREO,OMODEO, Paula,TUCUMÁN,2021-2025
BLOQUE MOVIMIENTO POPULAR NEUQUINO,FIGUEROA, Rolando,NEUQUÉN,2021-2025
BLOQUE PARTIDO OBRERO EN EL FRENTE DE IZQUIERDA Y DE TRABAJADORES - UNIDAD     (PO-FIT-U),DEL PLA, Romina,BUENOS AIRES,2021-2025
BLOQUE REPUBLICANOS UNIDOS ,LOPEZ MURPHY, Ricardo Hipólito,CIUDAD AUTÓNOMA DE BUENOS AIRES,2021-2025
BLOQUE VALORES REPUBLICANOS,CASTETS, Laura Carolina,SANTA FE,2019-2023